{
    "function": "bin.ffn.main",
    "best": {
        "function": "bin.ffn.main",
        "devices": [
            "Tesla V100-SXM2-32GB"
        ],
        "n_parameters": 33783,
        "best_epoch": 116,
        "tuning_time": "7:41:07",
        "trial_id": 563,
        "scores": {
            "train": -0.4203412122066552,
            "val": -0.4917356841403225,
            "test": -0.5033106824865172
        },
        "time": "0:00:20"
    },
    "n_parameters": 22101,
    "best_epoch": 481,
    "tuning_time": "14:13:16",
    "trial_id": 999,
    "scores": {
        "train": -0.6775715591468814,
        "val": -0.6669130608207672,
        "test": -0.6778499837718566
    },
    "n_completed_trials": 1000,
    "time": "14:13:16"
}
