{
    "function": "bin.ffn.main",
    "best": {
        "function": "bin.ffn.main",
        "devices": [
            "Tesla V100-SXM2-32GB"
        ],
        "n_parameters": 33783,
        "best_epoch": 126,
        "tuning_time": "6:24:33",
        "trial_id": 548,
        "scores": {
            "train": -0.4113328554162057,
            "val": -0.4878369755779515,
            "test": -0.50217928618771
        },
        "time": "0:00:18"
    },
    "n_parameters": 177591,
    "best_epoch": 30,
    "tuning_time": "11:34:24",
    "trial_id": 999,
    "scores": {
        "train": -0.5603638684791865,
        "val": -0.560060743752673,
        "test": -0.5732209362112448
    },
    "n_completed_trials": 1000,
    "time": "11:34:24"
}
