{
    "function": "bin.ffn.main",
    "best": {
        "function": "bin.ffn.main",
        "devices": [
            "Tesla V100-SXM2-32GB"
        ],
        "n_parameters": 396201,
        "best_epoch": 48,
        "tuning_time": "12:19:12",
        "trial_id": 720,
        "scores": {
            "train": -0.3878430029791128,
            "val": -0.4945876582077113,
            "test": -0.5078766688057743
        },
        "time": "0:00:16"
    },
    "n_parameters": 33201,
    "best_epoch": 188,
    "tuning_time": "16:50:55",
    "trial_id": 999,
    "scores": {
        "train": -0.6998332935674788,
        "val": -0.6912704074074921,
        "test": -0.7027791260591305
    },
    "n_completed_trials": 1000,
    "time": "16:50:55"
}
