{
    "function": "bin.ffn.main",
    "best": {
        "function": "bin.ffn.main",
        "devices": [
            "Tesla V100-SXM2-32GB"
        ],
        "n_parameters": 33783,
        "best_epoch": 146,
        "tuning_time": "5:39:29",
        "trial_id": 559,
        "scores": {
            "train": -0.4078103745368685,
            "val": -0.49642359455389373,
            "test": -0.5018986880149751
        },
        "time": "0:00:26"
    },
    "n_parameters": 24141,
    "best_epoch": 236,
    "tuning_time": "11:22:00",
    "trial_id": 999,
    "scores": {
        "train": -0.6941827514886729,
        "val": -0.6822153656902655,
        "test": -0.6918889072565381
    },
    "n_completed_trials": 1000,
    "time": "11:22:00"
}
