{
    "function": "bin.ffn.main",
    "best": {
        "function": "bin.ffn.main",
        "devices": [
            "Tesla V100-SXM2-32GB"
        ],
        "n_parameters": 33783,
        "best_epoch": 136,
        "tuning_time": "4:25:57",
        "trial_id": 523,
        "scores": {
            "train": -0.40684127445361656,
            "val": -0.4842783146389255,
            "test": -0.4989834178568831
        },
        "time": "0:00:19"
    },
    "n_parameters": 48501,
    "best_epoch": 199,
    "tuning_time": "9:18:12",
    "trial_id": 999,
    "scores": {
        "train": -0.6897737177893113,
        "val": -0.677565456868911,
        "test": -0.688453242029203
    },
    "n_completed_trials": 1000,
    "time": "9:18:12"
}
